,count,mean,std,min,25%,50%,75%,max,missing,missing_%,outliers,outliers_%
NU_ANO,248889.0,2023.0,0.0,2023.0,2023.0,2023.0,2023.0,2023.0,0,0.0,0,0.0
CO_IES,248889.0,2185.681962641981,4221.369890530996,1.0,374.0,597.0,1847.0,25352.0,0,0.0,27531,11.06
CO_GRUPO,248889.0,1556.7325715479592,2597.627151663422,5.0,17.0,23.0,5710.0,6411.0,0,0.0,0,0.0
CO_CURSO,248889.0,657311.0149223148,963038.3246275078,3.0,21621.0,109284.0,1268238.0,50017068.0,0,0.0,4736,1.9
CO_MUNIC_CURSO,248889.0,3334801.9353527073,936976.5529899809,1100023.0,2900702.0,3304557.0,4106407.0,5300108.0,0,0.0,0,0.0
ANO_INICIO_GRAD,248889.0,2018.4827694273351,1.4865823834775835,2009.0,2018.0,2019.0,2019.0,2023.0,0,0.0,29641,11.91
NT_GER,248889.0,50.64147551719842,15.234332234999444,0.0,39.5,50.6,61.7,99.0,0,0.0,95,0.04
ANO_ENEM,248889.0,2017.268292290941,1.4842554146663753,2009.0,2017.0,2018.0,2018.0,2022.0,0,0.0,28822,11.58
ENEM_NT_CN,248889.0,547.8038061143723,88.43586469370837,0.0,479.4,548.6,612.6,887.4,0,0.0,79,0.03
ENEM_NT_CH,248889.0,586.8085045944176,80.15625132083521,0.0,536.8,599.6,644.3,868.3,0,0.0,1862,0.75
ENEM_NT_LC,248889.0,555.9641390338666,63.49691741943831,0.0,517.3,561.9,600.5,785.9,0,0.0,3343,1.34
ENEM_NT_MT,248889.0,594.1157672697467,126.68162023887065,0.0,492.3,587.4,689.1,1008.3,0,0.0,48,0.02
